nombre,zona,tipo_cocina,instagram,web_o_fuente,prioridad,notas
El Preferido de Palermo,Palermo,bodegón porteño,@elpreferidodepalermo,https://guide.michelin.com/us/en/ciudad-autonoma-de-buenos-aires/buenos-aires_777009/restaurant/el-preferido-de-palermo,B,Bodegón restaurado 2019 por Pablo Rivero y Guido Tassi; Michelin recomendado
Niño Gordo,Palermo,parrilla asiática fusión,,https://www.infobae.com/tendencias/2025/12/03/50-best-2025-distinguieron-a-8-restaurantes-argentinos-entre-los-mejores-de-america-latina/,B,Puesto 34 Latin America's 50 Best; independiente
La Carnicería,Palermo,parrilla moderna,@xlacarniceriax,https://iberiaclubmagazine.iberia.com/articulos/2025/1/restaurantes-buenos-aires/,B,Parrilla de autor chica
Mengano,Palermo,clásicos reinventados,@mengano.ba,https://iberiaclubmagazine.iberia.com/articulos/2025/1/restaurantes-buenos-aires/,B,Bodegón de autor independiente
Chori,Palermo,choripanería,,https://iberiaclubmagazine.iberia.com/articulos/2025/1/restaurantes-buenos-aires/,B,Homenaje a cocina callejera
Barra Chalaca,Palermo,cevichería peruana,,https://iberiaclubmagazine.iberia.com/articulos/2025/1/restaurantes-buenos-aires/,C,Grupo Gastón Acurio (grupo grande internacional)
El Refuerzo,San Telmo,bodegón argentino,,https://secretsofbuenosaires.com/restaurants-in-san-telmo/,B,Favorito de locales
PES,San Telmo,fusión argentino-peruana,,https://comabeba.com/argentina/best-restaurants-san-telmo-buenos-aires/,B,Ceviches y cocina peruana
Caseros,San Telmo,cocina casera mediterránea,,https://comabeba.com/argentina/best-restaurants-san-telmo-buenos-aires/,B,Restaurante de esquina en Av. Caseros
Grapin,San Telmo,vegetariano de autor,,https://comabeba.com/argentina/best-restaurants-san-telmo-buenos-aires/,B,Alta cocina vegetariana + coctelería
Bar El Federal,San Telmo,bar notable,,https://secretsofbuenosaires.com/es/10-restaurantes-escondidos-en-san-telmo-que-solo-conocen-los-locales/,C,Bar notable histórico (1864); posible grupo de bares notables
Cave Canem,San Telmo,bar de tragos,,https://www.tiktok.com/discover/bares-san-telmo-buenos-aires,B,Coctelería de barrio
Atis Bar,San Telmo,bar con terraza,,https://www.tiktok.com/discover/bares-san-telmo-buenos-aires,B,Terraza para cenar
Clorindo Café,Recoleta,cafetería de especialidad,@clorindo.ba,https://www.timeout.com/es/buenos-aires/mejores-cafeterias-de-especialidad,B,Talcahuano 1261; también sucursal Belgrano La Pampa 2215
Shelter Coffee,Recoleta,cafetería de especialidad,@thesheltercoffee,https://www.laguiadebuenosaires.com/cafes-de-especialidad-en-buenos-aires/,B,Arroyo 940; sucursal Belgrano Virrey Loreto 2035
Öss Kaffee,Belgrano,cafetería de especialidad,@osskaffe,https://www.laguiadebuenosaires.com/cafes-de-especialidad-en-buenos-aires/,B,Garage transformado; F.D. Roosevelt 1894
Pampa Café,Belgrano,cafetería de especialidad,,https://malevamag.com/un-cafe-de-especialidad-por-barrio-en-buenos-aires-top-10-por-cami-de-rienzo/,B,Esquina La Pampa y Cazadores
Maure,Chacarita,parrilla,@maureparrilla,https://www.cronista.com/clase/gourmet/de-barrio-de-lujo-clasicas-nuevas-y-premiadas-10-parrillas-que-hay-que-conocer-en-buenos-aires/,B,Av. Córdoba 6401; parrilla de esquina
Don Jorge,Chacarita,parrilla de barrio,@parrilladonjorge1201,https://www.infogastronomica.com.ar/en-chacarita-la-parrilla-de-barrio-siempre-llena-por-su-gran-relacion-precio-calidad-y-su-corte-de-carne-secreto/,B,Villarroel 1201; precios de barrio
Don Zoilo,Villa Crespo,parrilla,@donzoilo.ok,https://www.cronista.com/clase/gourmet/de-barrio-de-lujo-clasicas-nuevas-y-premiadas-10-parrillas-que-hay-que-conocer-en-buenos-aires/,B,Fundada por dos amigos; maduración 45-60 días
Madre Rojas,Villa Crespo,parrilla wagyu,@madrerojas,https://www.cronista.com/clase/gourmet/de-barrio-de-lujo-clasicas-nuevas-y-premiadas-10-parrillas-que-hay-que-conocer-en-buenos-aires/,B,Abrió fines 2021; estética cuidada
Somos Asado,Villa Crespo,parrilla,@somosasado,https://www.cronista.com/clase/gourmet/de-barrio-de-lujo-clasicas-nuevas-y-premiadas-10-parrillas-que-hay-que-conocer-en-buenos-aires/,B,Cámara de maduración y horno de barro; chef Gustavo Portela
Hierro Bodegón,Palermo,neo-bodegón,@hierrobodegon,https://www.timeout.com/es/buenos-aires/aperturas-nuevos-restaurantes-hierro-bodegon-mambo-burdo,A,Apertura reciente destacada por TimeOut BA
Trufa Restaurant,Retiro,cocina de temporada,@trufa.restaurant,https://www.timeout.com/es/buenos-aires/aperturas-nuevos-restaurantes-hierro-bodegon-mambo-burdo,A,Apertura reciente TimeOut BA
Mambo,Villa Crespo,cocina argentina contemporánea,@mambo.restoran,https://www.timeout.com/es/buenos-aires/aperturas-nuevos-restaurantes-hierro-bodegon-mambo-burdo,A,Apertura reciente TimeOut BA
Lula,Villa Ortúzar,cocina de estación,@lula_restaurante,https://www.timeout.com/es/buenos-aires/aperturas-nuevos-restaurantes-hierro-bodegon-mambo-burdo,A,Apertura reciente TimeOut BA
Curva,Villa Ortúzar,vermutería y platitos,@curva_ortuzar,https://www.timeout.com/es/buenos-aires/aperturas-nuevos-restaurantes-hierro-bodegon-mambo-burdo,A,Apertura reciente TimeOut BA
Koala,Palermo,gastronomía consciente,@koala.bsas,https://www.timeout.com/es/buenos-aires/aperturas-nuevos-restaurantes-hierro-bodegon-mambo-burdo,A,Apertura reciente TimeOut BA
Presencia,Recoleta,cocina contemporánea,@presenciarestaurant,https://www.timeout.com/es/buenos-aires/aperturas-nuevos-restaurantes-hierro-bodegon-mambo-burdo,A,Apertura reciente TimeOut BA
Bambina,Palermo Chico,pizza napoletana y helado,@bambina__pizza,https://www.timeout.com/es/buenos-aires/aperturas-nuevos-restaurantes-hierro-bodegon-mambo-burdo,A,Apertura reciente TimeOut BA
Garabato Bistró,Núñez,neo-bistró,@garabato_bistro,https://www.timeout.com/es/buenos-aires/aperturas-nuevos-restaurantes-hierro-bodegon-mambo-burdo,A,Apertura reciente TimeOut BA
Orei Ramen Bar,Belgrano,ramen japonés,@orei.jp,https://www.timeout.com/es/buenos-aires/aperturas-nuevos-restaurantes-hierro-bodegon-mambo-burdo,A,Apertura reciente TimeOut BA
Somma,Palermo,bar y restaurante,@somma.bar,https://www.timeout.com/es/buenos-aires/aperturas-nuevos-restaurantes-hierro-bodegon-mambo-burdo,A,Apertura reciente TimeOut BA
Burdo,Colegiales,cocina y vino,@burdo.resto,https://www.timeout.com/es/buenos-aires/aperturas-nuevos-restaurantes-hierro-bodegon-mambo-burdo,A,Apertura reciente TimeOut BA
Bravado,Vicente López,cocina argentina contemporánea,@bravado.ba,https://www.timeout.com/es/buenos-aires/aperturas-nuevos-restaurantes-hierro-bodegon-mambo-burdo,A,Apertura reciente TimeOut BA (GBA norte)
Mafia,Belgrano,pizza y champagne,@mafia.bsas,https://www.timeout.com/es/buenos-aires/aperturas-nuevos-restaurantes-hierro-bodegon-mambo-burdo,A,Apertura reciente TimeOut BA
Jotti,Palermo,comida callejera de autor,@jotti.ar,https://www.timeout.com/es/buenos-aires/aperturas-nuevos-restaurantes-hierro-bodegon-mambo-burdo,A,Apertura reciente TimeOut BA
Pani Pizza Feroz,Palermo,pizza creativa,@paniferoz,https://www.timeout.com/es/buenos-aires/aperturas-nuevos-restaurantes-hierro-bodegon-mambo-burdo,A,Del grupo Pani (grupo chico local)
Silvino,Chacarita,bistró artesanal,@silvinoquerido,https://www.timeout.com/es/buenos-aires/aperturas-nuevos-restaurantes-hierro-bodegon-mambo-burdo,A,Apertura reciente TimeOut BA
Cantina Recoleta,Recoleta,cocina a leña,@growlerscc,https://www.timeout.com/es/buenos-aires/aperturas-nuevos-restaurantes-hierro-bodegon-mambo-burdo,C,Vinculada a Growlers (cadena de cervecerías)
Anasagasti Omakase,Palermo,omakase japonés,@anasagasti_ba,https://www.timeout.com/es/buenos-aires/aperturas-nuevos-restaurantes-hierro-bodegon-mambo-burdo,A,Apertura reciente TimeOut BA
Del Río Cantina,Saavedra,cantina italiana,@delriocantina,https://www.timeout.com/es/buenos-aires/aperturas-nuevos-restaurantes-hierro-bodegon-mambo-burdo,A,Apertura reciente TimeOut BA
Eléctrica Pizza (sede Palermo),Palermo,pizzería,@electricapizza,https://www.timeout.com/es/buenos-aires/aperturas-nuevos-restaurantes-hierro-bodegon-mambo-burdo,B,Grupo chico local con varias sedes
L'harmonie Libertador,Palermo Chico,café y brunch,@lharmonie___,https://www.timeout.com/es/buenos-aires/aperturas-nuevos-restaurantes-hierro-bodegon-mambo-burdo,B,Grupo chico local (varias sedes)
Kamay Casa Gardel,Abasto,peruana criolla y nikkei,@kamaycasagardel,https://www.timeout.com/es/buenos-aires/aperturas-nuevos-restaurantes-hierro-bodegon-mambo-burdo,A,Apertura reciente TimeOut BA
Territorio Aura,Palermo,cocina y arte,@territorioaura,https://www.timeout.com/es/buenos-aires/aperturas-nuevos-restaurantes-hierro-bodegon-mambo-burdo,A,Apertura reciente TimeOut BA
Orno Pizzería Cantina,Palermo,pizza y cantina,@orno.pizzeria.cantina,https://www.timeout.com/es/buenos-aires/aperturas-nuevos-restaurantes-hierro-bodegon-mambo-burdo,A,Apertura reciente TimeOut BA
Barragán Café,Saavedra,café mexicano,@barragan.cafe,https://www.timeout.com/es/buenos-aires/aperturas-nuevos-restaurantes-hierro-bodegon-mambo-burdo,A,Apertura reciente TimeOut BA
Sendero,Costanera,cocina festiva,@senderocostanera,https://www.timeout.com/es/buenos-aires/aperturas-nuevos-restaurantes-hierro-bodegon-mambo-burdo,A,Apertura reciente TimeOut BA
Ness,Núñez,cocina contemporánea,@ness.bsas,https://www.timeout.com/es/buenos-aires/restaurantes/mejores-restaurantes-buenos-aires,A,Elegido TimeOut BA
Tintorería Yafuso,Villa Crespo,omakase / pesca,,https://www.timeout.com/es/buenos-aires/restaurantes/mejores-restaurantes-buenos-aires,B,Omakase chico detrás de una tintorería
Gran Dabbang,Palermo,india de autor,@dabbang_,https://www.timeout.com/es/buenos-aires/restaurantes/mejores-restaurantes-buenos-aires,A,Elegido TimeOut BA
Ácido,Chacarita,cocina contemporánea,@acido_ba,https://www.timeout.com/es/buenos-aires/restaurantes/mejores-restaurantes-buenos-aires,A,Elegido TimeOut BA
Tony Wu,Villa Crespo,cantina china,@tonywu_cantinachina,https://www.timeout.com/es/buenos-aires/restaurantes/mejores-restaurantes-buenos-aires,A,Elegido TimeOut BA
Sudestada,Palermo,sudeste asiático,@sudestadaba,https://www.timeout.com/es/buenos-aires/restaurantes/mejores-restaurantes-buenos-aires,A,Elegido TimeOut BA
Evelia,Núñez,cocina contemporánea,@evelia.restaurante,https://www.timeout.com/es/buenos-aires/restaurantes/mejores-restaurantes-buenos-aires,A,Elegido TimeOut BA
El Imperfecto,Palermo,cocina argentina,@elimperfectook,https://www.timeout.com/es/buenos-aires/restaurantes/mejores-restaurantes-buenos-aires,A,Elegido TimeOut BA
Chuí,Villa Crespo,vegetariano,@chui.ba,https://www.timeout.com/es/buenos-aires/restaurantes/mejores-restaurantes-buenos-aires,A,Elegido TimeOut BA
Una Canción Coreana,Bajo Flores,coreana,,https://www.timeout.com/es/buenos-aires/restaurantes/mejores-restaurantes-buenos-aires,B,Clásico coreano de barrio
La Sarita,Florida (Vicente López),cocina argentina,@lasaritaflorida,https://www.timeout.com/es/buenos-aires/restaurantes/mejores-restaurantes-buenos-aires,A,GBA norte; elegido TimeOut BA
Don Carlos,La Boca,cantina italiana,,https://www.timeout.com/es/buenos-aires/restaurantes/mejores-restaurantes-buenos-aires,B,Cantina familiar icónica
Casa Cavia,Palermo Chico,cocina contemporánea,@casacavia,https://www.timeout.com/es/buenos-aires/restaurantes/mejores-restaurantes-buenos-aires,B,Alta gama; casa editorial + restaurante
Trescha,Villa Crespo,fine dining,@trescharestaurant,https://www.timeout.com/es/buenos-aires/restaurantes/mejores-restaurantes-buenos-aires,B,Fine dining chico
Aramburu,Recoleta,fine dining,@arambururesto,https://www.timeout.com/es/buenos-aires/restaurantes/mejores-restaurantes-buenos-aires,C,Estrella Michelin; ticket alto poco fit con QR
MN Santa Inés,La Paternal,sudeste asiático,@mnsantaines,https://www.timeout.com/es/buenos-aires/restaurantes/mejores-restaurantes-buenos-aires,A,Elegido TimeOut BA
Roux,Recoleta,cocina argentina,@rouxresto,https://www.timeout.com/es/buenos-aires/restaurantes/mejores-restaurantes-buenos-aires,A,Elegido TimeOut BA
Crizia,Palermo,pescados y ostras,@criziarestaurant,https://www.timeout.com/es/buenos-aires/restaurantes/mejores-restaurantes-buenos-aires,B,Independiente consolidado
Mishiguene,Palermo,cocina judía / Medio Oriente,@mishigueneba,https://www.timeout.com/es/buenos-aires/restaurantes/mejores-restaurantes-buenos-aires,B,Grupo chico del chef Tomás Kalika
Nika Club Omakase,Palermo,omakase japonés,@nikaclubomakase,https://www.timeout.com/es/buenos-aires/restaurantes/mejores-restaurantes-buenos-aires,A,Elegido TimeOut BA
Tita La Vedette,La Paternal,pastas veganas,@titalavedette,https://www.timeout.com/es/buenos-aires/restaurantes/mejores-restaurantes-buenos-aires,A,Elegido TimeOut BA
Julia,Villa Crespo,fine dining chico,@julia.restaurante,https://www.timeout.com/es/buenos-aires/restaurantes/mejores-restaurantes-buenos-aires,B,Restaurante chico de autor
Picarón,Chacarita,bistró,@picaron.ba,https://www.timeout.com/es/buenos-aires/restaurantes/mejores-restaurantes-buenos-aires,A,Elegido TimeOut BA
Lo de Jesús,Palermo,parrilla y carnes,@lodejesus,https://www.timeout.com/es/buenos-aires/restaurantes/mejores-restaurantes-buenos-aires,A,Parrilla histórica independiente
Sarkis,Villa Crespo,armenia,@restaurantesarkis,https://www.timeout.com/es/buenos-aires/restaurantes/mejores-restaurantes-buenos-aires,A,Clásico armenio siempre lleno
Cauce,Puerto Madero,parrilla contemporánea,@cauce_ba,https://www.timeout.com/es/buenos-aires/restaurantes/mejores-restaurantes-buenos-aires,B,Independiente en zona corporativa
Checkpoint Charlie,Palermo,europea,@checkpointcharlie.rest,https://www.timeout.com/es/buenos-aires/restaurantes/mejores-restaurantes-buenos-aires,A,Elegido TimeOut BA
Mad Pasta,Martínez (San Isidro),pastas,@madpastahouse,https://www.timeout.com/es/buenos-aires/restaurantes/mejores-restaurantes-buenos-aires,A,GBA norte
Hobby Café,Palermo,cafetería de especialidad,@hobbycafe.ba,https://www.timeout.com/es/buenos-aires/mejores-cafeterias-de-especialidad,A,Malabia 1343; también Chacarita Guevara 91
La Kitchen,Chacarita,cafetería de especialidad,@lakitchen.ba,https://www.timeout.com/es/buenos-aires/mejores-cafeterias-de-especialidad,A,Roseti 1360
Blanca,Colegiales,cafetería de especialidad,@blancastudio___,https://www.timeout.com/es/buenos-aires/mejores-cafeterias-de-especialidad,A,Av. Álvarez Thomas 758
Cuervo Café,Belgrano,cafetería de especialidad,@cuervocafe,https://www.timeout.com/es/buenos-aires/mejores-cafeterias-de-especialidad,B,Grupo chico local con 4 sedes
Tres Tostador,Colegiales,cafetería de especialidad,@tres.tostador,https://www.timeout.com/es/buenos-aires/mejores-cafeterias-de-especialidad,A,Teodoro García 2806
Cuadra,Núñez,cafetería de especialidad,@cuadra.ba,https://www.timeout.com/es/buenos-aires/mejores-cafeterias-de-especialidad,B,O'Higgins 3202; sedes San Isidro y Colegiales
Lab Tostadores,Palermo,cafetería de especialidad,@labtostadores,https://www.timeout.com/es/buenos-aires/mejores-cafeterias-de-especialidad,A,Humboldt 1542
Malcriada,Palermo,cafetería de especialidad,@malcriada.arg,https://www.timeout.com/es/buenos-aires/mejores-cafeterias-de-especialidad,A,Ravignani 1338
Bulevar,San Telmo,cafetería de especialidad,@bulevar__ba,https://www.timeout.com/es/buenos-aires/mejores-cafeterias-de-especialidad,A,Av. Caseros 438; sede Parque Patricios
La Cabrera,Palermo,parrilla,@lacabrera_bsas,https://www.timeout.com/es/buenos-aires/restaurantes/parrillas-buenos-aires,C,Grupo grande con franquicias internacionales
El Pobre Luis,Belgrano,parrilla,@elpobreluisparrilla,https://www.timeout.com/es/buenos-aires/restaurantes/parrillas-buenos-aires,A,Arribeños 2393; clásico de Bajo Belgrano
El Desnivel,San Telmo,parrilla de barrio,@parrilladesnivel,https://www.timeout.com/es/buenos-aires/restaurantes/parrillas-buenos-aires,A,Defensa 855; clásico popular
El Litoral,Balvanera,parrilla,@ellitoralparrilla,https://www.timeout.com/es/buenos-aires/restaurantes/parrillas-buenos-aires,A,Moreno 2201
Los Talas del Entrerriano,José León Suárez (GBA),parrilla,@eltalaok,https://www.timeout.com/es/buenos-aires/restaurantes/parrillas-buenos-aires,B,Parrilla gigante de GBA norte
Parri La Esquina,Belgrano,parrilla,@parrilaesquina,https://www.timeout.com/es/buenos-aires/restaurantes/parrillas-buenos-aires,A,Miñones 1902
Parrilla Peña,San Nicolás,parrilla,@parrillitapena,https://www.timeout.com/es/buenos-aires/restaurantes/parrillas-buenos-aires,A,Rodríguez Peña 682; clásico del centro
Don Julio,Palermo,parrilla,@donjulioparrilla,https://www.timeout.com/es/buenos-aires/restaurantes/parrillas-buenos-aires,C,#1 de 50 Best; operación grande con sistema propio
Corte Comedor,Belgrano,parrilla,@cortecomedor,https://www.timeout.com/es/buenos-aires/restaurantes/parrillas-buenos-aires,B,Grupo chico (Corte Carnicería/Comedor)
El Rebenque de Omar,Balvanera,parrilla de barrio,,https://www.timeout.com/es/buenos-aires/restaurantes/parrillas-buenos-aires,B,Matheu 24; sin IG mencionado
La Glorieta de Quique,La Boca,parrilla de barrio,@laglorietadequique,https://www.timeout.com/es/buenos-aires/restaurantes/parrillas-buenos-aires,A,Brandsen 810
El Secretito,Las Cañitas (Palermo),parrilla,@parrisecretito,https://www.timeout.com/es/buenos-aires/restaurantes/parrillas-buenos-aires,A,Dorrego 2720
Happening,Costanera Norte,parrilla,@happeningba,https://www.timeout.com/es/buenos-aires/restaurantes/parrillas-buenos-aires,C,Grupo gastronómico grande
Nuestro Secreto,Recoleta,parrilla,@nuestrosecretorestaurante,https://www.timeout.com/es/buenos-aires/restaurantes/parrillas-buenos-aires,C,Restaurante del Four Seasons (hotel)
La Brigada,San Telmo,parrilla,@parrillalabrigada,https://www.timeout.com/es/buenos-aires/restaurantes/parrillas-buenos-aires,B,Clásico turístico independiente
El Ferroviario,Liniers,parrilla,@elferroviariook,https://www.timeout.com/es/buenos-aires/restaurantes/parrillas-buenos-aires,B,Parrilla de gran volumen
Lo de Charly,Villa Ortúzar,parrilla de barrio,@parrillalodecharly,https://www.timeout.com/es/buenos-aires/restaurantes/parrillas-buenos-aires,A,Av. Álvarez Thomas 2101
Rufino,Recoleta,parrilla argentina,@rufinoarg,https://www.timeout.com/es/buenos-aires/restaurantes/parrillas-buenos-aires,B,Posadas 1086
Cabaña Las Lilas,Puerto Madero,parrilla,@cabanalaslilasrestaurante,https://www.timeout.com/es/buenos-aires/restaurantes/parrillas-buenos-aires,C,Operación grande y turística
José el Carnicero,Palermo Soho,parrilla,@xjoseelcarnicerox,https://buenosaires.substack.com/p/40-must-try-parrillas-steakhouses,A,Hermano de La Carnicería (grupo chico)
Casa Pasto,Palermo Soho,parrilla / carnes,@casapastobsas,https://buenosaires.substack.com/p/40-must-try-parrillas-steakhouses,A,Independiente
La Choza de Gascón,Palermo Viejo,parrilla de barrio,@lachoza_parrilla,https://buenosaires.substack.com/p/40-must-try-parrillas-steakhouses,A,Independiente
Lo de Bebe,Palermo Viejo,parrilla de barrio,@parrillalodebebe,https://buenosaires.substack.com/p/40-must-try-parrillas-steakhouses,A,Independiente
Tomahawk,Palermo Hollywood,parrilla,@tomahawk.ba,https://buenosaires.substack.com/p/40-must-try-parrillas-steakhouses,A,Independiente
Hierro Parrilla,Palermo Hollywood,parrilla,@hierro.palermo,https://buenosaires.substack.com/p/40-must-try-parrillas-steakhouses,B,Mismo grupo chico que Hierro Bodegón
Marucha,Núñez,parrilla,@parrillamarucha,https://buenosaires.substack.com/p/40-must-try-parrillas-steakhouses,A,Independiente
República del Fuego,Barrio Norte,parrilla,@republicadelfuego,https://buenosaires.substack.com/p/40-must-try-parrillas-steakhouses,A,Independiente
Mecha Fuego Porteño,Villa Devoto,parrilla,@mecharestaurant,https://buenosaires.substack.com/p/40-must-try-parrillas-steakhouses,A,Independiente
La Condesa Grill & Pasta,Colegiales,parrilla y pastas,@lacondesa_restaurante,https://buenosaires.substack.com/p/40-must-try-parrillas-steakhouses,B,Hermana en Villa Devoto (grupo chico)
Fervor,Recoleta,brasas y pescados,@fervorbrasas,https://buenosaires.substack.com/p/40-must-try-parrillas-steakhouses,C,Grupo Fervor/Sottovoce (grupo mediano)
Grandes Carnicerías del Plata,San Telmo,parrilla,@grandescarniceriasdelplata,https://buenosaires.substack.com/p/40-must-try-parrillas-steakhouses,A,Independiente
Fogón Asado,Palermo,experiencia de asado,@fogonasado,https://buenosaires.substack.com/p/40-must-try-parrillas-steakhouses,B,Formato experiencia con menú fijo
Parrilla Vittorino,Palermo Soho,parrilla,@vittorino.arg,https://buenosaires.substack.com/p/40-must-try-parrillas-steakhouses,A,Independiente
Los Amigos de Siempre,Núñez,parrilla de barrio,,https://buenosaires.substack.com/p/40-must-try-parrillas-steakhouses,B,Sin IG mencionado
Franca,Chacarita,parrilla contemporánea,@francarestaurante_,https://buenosaires.substack.com/p/40-must-try-parrillas-steakhouses,A,Independiente
La Vaquita de Chaca,Chacarita,parrilla de barrio,,https://buenosaires.substack.com/p/40-must-try-parrillas-steakhouses,B,Sin IG mencionado
Arde Brasas & Co,Villa Urquiza,parrilla,@ardebrasas,https://buenosaires.substack.com/p/40-must-try-parrillas-steakhouses,A,Independiente
La Annunziata,Villa Urquiza,bodegón parrilla,@laannunziataresto,https://buenosaires.substack.com/p/40-must-try-parrillas-steakhouses,A,Independiente
Goyena Grill,Caballito,parrilla,,https://buenosaires.substack.com/p/40-must-try-parrillas-steakhouses,C,3 sucursales (grupo chico); sin IG mencionado
El Puentecito,Barracas,bodegón parrilla,@puentecito_arg,https://buenosaires.substack.com/p/40-must-try-parrillas-steakhouses,A,Clásico histórico de Barracas
A Raja Cincha,Villa Santa Rita,parrilla de barrio,,https://buenosaires.substack.com/p/40-must-try-parrillas-steakhouses,B,Sin IG mencionado
Gran Parrilla Cramer,Coghlan,parrilla de barrio,@granparrillacramer,https://buenosaires.substack.com/p/40-must-try-parrillas-steakhouses,A,Independiente
Zen Pacha,Caballito,cafetería de especialidad y matcha,,https://www.diarioconvos.com/2024/01/05/las-3-cafeterias-que-tenes-que-conocer-en-caballito-si-o-si-y-probar-el-mejor-cafe/,B,Té frío y pastelería con matcha
Sastre Café,Caballito,cafetería de especialidad,,https://www.diarioconvos.com/2024/01/05/las-3-cafeterias-que-tenes-que-conocer-en-caballito-si-o-si-y-probar-el-mejor-cafe/,B,Ambientado como antigua sastrería
Café Lo-fi,Caballito,cafetería de especialidad,,https://www.diarioconvos.com/2024/01/05/las-3-cafeterias-que-tenes-que-conocer-en-caballito-si-o-si-y-probar-el-mejor-cafe/,B,Concepto musical lo-fi; pastelería y sándwiches
Centro,Caballito,cocina de autor,,https://www.infogastronomica.com.ar/caballito-5-restaurantes-bares-y-cafes-imperdibles-de-un-barrio-cada-vez-mas-gourmet/,B,Chef Fernando Golabek (ex restaurantes Michelin)
Ronconcón,Caballito,latinoamericana,,https://buenosairesconnect.com/restaurantes-donde-comer-foodie-caballito/,B,Patacones y asado negro
Café Cortázar,Caballito,café,,https://www.tripadvisor.com/Restaurants-g312741-c8-zfn15620507-Buenos_Aires_Capital_Federal_District.html,B,Café de barrio bien reseñado
El Coleccionista,Caballito,café restaurante,,https://www.tripadvisor.com/Restaurants-g312741-c8-zfn15620507-Buenos_Aires_Capital_Federal_District.html,B,Clásico frente al Parque Rivadavia
Richard Parker,Caballito,café brunch,,https://www.tripadvisor.com/Restaurants-g312741-c8-zfn15620507-Buenos_Aires_Capital_Federal_District.html,B,Café de barrio bien reseñado
Moebius,Caballito,café,,https://www.tripadvisor.com/Restaurants-g312741-c8-zfn15620507-Buenos_Aires_Capital_Federal_District.html,B,Café de barrio bien reseñado
Zulu,La Lucila (Vicente López),japonesa,,https://malevamag.com/2025/01/27/zona-norte-a-la-altura-siete-propuestas-con-coolness-y-sofisticacion-entre-olivos-y-san-isidro-que-rompen-el-molde-conservador-y-basico/,B,De Maia Mendoza; apertura reciente
Alo's,San Isidro,bistró contemporáneo,@alosbistro.arg,https://www.timeout.com/es/buenos-aires/donde-comer-zona-norte-restaurantes-san-isidro-vicente-lopez-tigre-pilar-nordelta,B,Chef Alejandro Féraud; producto de estación
Alazán,Ramos Mejía,parrilla,,https://www.tripadvisor.com/Restaurants-g3720777-Ramos_Mejia_Province_of_Buenos_Aires_Central_Argentina.html,B,Rosales 297
Parrilla Pajarota,Ramos Mejía,parrilla,@parrillapajarota,https://www.tiktok.com/@alanbracco_/video/7322612823400385798,A,Av. de Mayo 638; patio y salón
Sin Fin,Ramos Mejía,bodegón,,https://www.tiktok.com/discover/mejores-restaurantes-en-ramos-mejia,B,Espora 251; bodegón familiar
Chicha Bodegón,Ramos Mejía,bodegón,,https://www.tiktok.com/discover/mejores-restaurantes-en-ramos-mejia,B,Buena relación precio-calidad
Fratoj,Ramos Mejía,restaurante,,https://www.tiktok.com/discover/mejores-restaurantes-en-ramos-mejia,B,Av. de Mayo 277
Mamma Mia,Ciudadela (zona oeste),parrilla y pastas libres,,https://www.tiktok.com/@hoteleandola/video/7273991848052444421,B,Amoretti 3707; formato tenedor libre
Ti Amo,Adrogué (GBA sur),pizza napoletana,,https://www.lanacion.com.ar/sociedad/una-pizzeria-argentina-quedo-por-quinto-anos-consecutivo-entre-las-mejores-del-mundo-nid05072026/,B,#21 mundial 50 Top Pizza 2025
Atte. Pizzería Napoletana,Palermo,pizza napoletana,,https://www.infogastronomica.com.ar/donde-comer-la-mejor-pizza-napoletana-de-buenos-aires/,B,Pizza napolitana + vinos argentinos
Cosi Mi Piace,Palermo Soho,pizza a la piedra,,https://www.infogastronomica.com.ar/donde-comer-la-mejor-pizza-napoletana-de-buenos-aires/,B,Horno de leña importado de Italia
FILO Ristorante,Retiro / San Nicolás,pizza napolitana e italiana,,https://filoristorante.com.ar/pizza-napolitana/,B,Clásico del microcentro con web propia
San Paolo,Palermo Hollywood,pizza napoletana,,https://www.infogastronomica.com.ar/donde-comer-la-mejor-pizza-napoletana-de-buenos-aires/,B,Masa de leudado prolongado; horno de leña
Austria,San Isidro,austríaca y europea,@austria_restaurant,https://www.timeout.com/es/buenos-aires/donde-comer-zona-norte-restaurantes-san-isidro-vicente-lopez-tigre-pilar-nordelta,A,Recomendado TimeOut zona norte
Lardo & Rosemary,La Lucila (Vicente López),platitos y vinos naturales,@lardoyrosemary,https://www.timeout.com/es/buenos-aires/donde-comer-zona-norte-restaurantes-san-isidro-vicente-lopez-tigre-pilar-nordelta,A,Recomendado TimeOut y Maleva
Dandy,Acassuso (San Isidro),cocina internacional,@dandycocina,https://www.timeout.com/es/buenos-aires/donde-comer-zona-norte-restaurantes-san-isidro-vicente-lopez-tigre-pilar-nordelta,B,Grupo chico local
Pasaje Victoria,Olivos (Vicente López),tapas mediterráneas,@pasaje.victoria,https://www.timeout.com/es/buenos-aires/donde-comer-zona-norte-restaurantes-san-isidro-vicente-lopez-tigre-pilar-nordelta,A,Recomendado TimeOut zona norte
Melé Fuegos,Victoria (San Fernando),cocina al fuego,@mele.fuegos,https://www.timeout.com/es/buenos-aires/donde-comer-zona-norte-restaurantes-san-isidro-vicente-lopez-tigre-pilar-nordelta,A,Recomendado TimeOut zona norte
Asato Sushi,Olivos (Vicente López),sushi japonés,@asatosushi,https://www.timeout.com/es/buenos-aires/donde-comer-zona-norte-restaurantes-san-isidro-vicente-lopez-tigre-pilar-nordelta,A,Recomendado TimeOut zona norte
Selvaggio,San Isidro,picadas y vinos,@selvaggio.ba,https://www.timeout.com/es/buenos-aires/donde-comer-zona-norte-restaurantes-san-isidro-vicente-lopez-tigre-pilar-nordelta,A,Recomendado TimeOut zona norte
Mostrador Santa Teresita,Olivos (Vicente López),cocina de producto,@mostrador.olivos,https://www.timeout.com/es/buenos-aires/donde-comer-zona-norte-restaurantes-san-isidro-vicente-lopez-tigre-pilar-nordelta,B,De Fernando Trocca (chef reconocido); mesas sobre el río
L'Atelier Bistró,Martínez (San Isidro),francesa,@bistrolatelier,https://www.timeout.com/es/buenos-aires/donde-comer-zona-norte-restaurantes-san-isidro-vicente-lopez-tigre-pilar-nordelta,A,Recomendado TimeOut zona norte
Korova,La Lucila (Vicente López),bar y coctelería,,https://malevamag.com/2025/01/27/zona-norte-a-la-altura-siete-propuestas-con-coolness-y-sofisticacion-entre-olivos-y-san-isidro-que-rompen-el-molde-conservador-y-basico/,B,Destacado por Maleva
El Cuartito,Recoleta,pizzería clásica,@cuartito_paginaoficial,https://www.timeout.com/es/buenos-aires/mejores-pizzerias-de-buenos-aires-pizza-al-molde-napoletana-kalis-el-cuartito-la-mezzetta,B,Talcahuano 937; icónica desde 1934
La Mezzetta,Villa Ortúzar,pizzería clásica,@pizzerialamezzetta,https://www.timeout.com/es/buenos-aires/mejores-pizzerias-de-buenos-aires-pizza-al-molde-napoletana-kalis-el-cuartito-la-mezzetta,B,Av. Álvarez Thomas 1321; fugazzeta histórica
El Cedrón,Mataderos,pizzería de barrio,@el_cedron,https://www.timeout.com/es/buenos-aires/mejores-pizzerias-de-buenos-aires-pizza-al-molde-napoletana-kalis-el-cuartito-la-mezzetta,A,Av. Alberdi 6101
Pirilo,San Telmo,pizzería de barrio,,https://www.timeout.com/es/buenos-aires/mejores-pizzerias-de-buenos-aires-pizza-al-molde-napoletana-kalis-el-cuartito-la-mezzetta,B,Defensa 821; sin IG mencionado
San Antonio,Boedo,pizzería de barrio,@pizzeriasanantoniook,https://www.timeout.com/es/buenos-aires/mejores-pizzerias-de-buenos-aires-pizza-al-molde-napoletana-kalis-el-cuartito-la-mezzetta,A,Av. Juan de Garay 3602
Roma del Abasto,Abasto,pizzería,@romadelabasto,https://www.timeout.com/es/buenos-aires/mejores-pizzerias-de-buenos-aires-pizza-al-molde-napoletana-kalis-el-cuartito-la-mezzetta,A,Anchorena 806
Garito Loyola,Villa Crespo,pizzería,@garitoloyola,https://www.timeout.com/es/buenos-aires/mejores-pizzerias-de-buenos-aires-pizza-al-molde-napoletana-kalis-el-cuartito-la-mezzetta,A,Loyola 1184
Kalis Pizza,Núñez,pizzería,@kalis.pizza,https://www.timeout.com/es/buenos-aires/mejores-pizzerias-de-buenos-aires-pizza-al-molde-napoletana-kalis-el-cuartito-la-mezzetta,A,O'Higgins 3578
Núvola,San Nicolás (Microcentro),pizzería napoletana,@nuvola.ar,https://www.timeout.com/es/buenos-aires/mejores-pizzerias-de-buenos-aires-pizza-al-molde-napoletana-kalis-el-cuartito-la-mezzetta,A,Reconquista 479
Togni's Pizza,Belgrano,pizzería,@tognispizza,https://www.timeout.com/es/buenos-aires/mejores-pizzerias-de-buenos-aires-pizza-al-molde-napoletana-kalis-el-cuartito-la-mezzetta,A,Blanco Encalada 1665
Totti Pinsa di Roma,Colegiales,pinsa romana,@tottipinsadiromaba,https://www.timeout.com/es/buenos-aires/mejores-pizzerias-de-buenos-aires-pizza-al-molde-napoletana-kalis-el-cuartito-la-mezzetta,A,Av. Jorge Newbery 3001
Bravo,Palermo,pizzería,@ganasdebravo,https://www.timeout.com/es/buenos-aires/mejores-pizzerias-de-buenos-aires-pizza-al-molde-napoletana-kalis-el-cuartito-la-mezzetta,A,Cabrera 3533
Mojarras,Quilmes,cantina de pescados y pastas,,https://www.tiktok.com/@losgordosmerienda/video/7474749889310772486,B,Andrés Baranda 1572; promos 2x1
Los Gallegos,Quilmes,bodegón español,,https://www.tripadvisor.com.ar/ShowUserReviews-g815526-d4074496-r308613568-Restaurant_Los_Gallegos-Quilmes_Province_of_Buenos_Aires_Central_Argentina.html,B,Pte. Perón 358; rabas y tortilla famosas
Comer Quilmes,Quilmes,bodegón tenedor libre,,https://elbodegondelnautico.com.ar/bodegon/restaurante-comer-quilmes/,C,Tenedor libre de gran volumen
Lo de Mingo,Lomas de Zamora,bodegón,,https://www.cronista.com/clase/gourmet/el-bodegon-popular-del-conurbano-bonaerense-con-platos-abundantes-a-buen-precio-y-recetas-originales/,B,Gorriti 461; más de 10 años
El Secreto,Banfield (Lomas de Zamora),restaurante,,https://www.tripadvisor.com/Restaurants-g1172344-Lomas_de_Zamora_Province_of_Buenos_Aires_Central_Argentina.html,B,Bien reseñado en zona sur
La Popular Bodegón,Temperley (Lomas de Zamora),bodegón,,https://www.tripadvisor.com/Restaurants-g1172344-Lomas_de_Zamora_Province_of_Buenos_Aires_Central_Argentina.html,B,Bodegón de zona sur
Tres Restaurante,Temperley (Lomas de Zamora),restaurante,,https://www.tripadvisor.com/Restaurants-g1172344-Lomas_de_Zamora_Province_of_Buenos_Aires_Central_Argentina.html,B,Bien reseñado en zona sur
La Pipeta,San Nicolás (Microcentro),bodegón,,https://www.timeout.com/es/buenos-aires/bodegones-mejores-propuestas-para-comer-rico-y-barato,B,San Martín 498; clásico del centro
Farfán,San Nicolás (Microcentro),bodegón,,https://www.timeout.com/es/buenos-aires/bodegones-mejores-propuestas-para-comer-rico-y-barato,B,Fundado 1961; sótano del ex cabaret Gong
Viraró Bodegón,San Nicolás (Microcentro),bodegón,,https://virarobodegon.com.ar/,B,Sarmiento 1334; edificio Club El Progreso; con web propia
Spiagge di Napoli,Boedo,cantina italiana,,https://www.timeout.com/es/buenos-aires/bodegones-mejores-propuestas-para-comer-rico-y-barato,B,Av. Independencia 3527; sin reservas y con filas
Haiku,Palermo,sushi omakase,,https://www.timeout.com/es/buenos-aires/sushi-omakase-en-buenos-aires,B,Nicaragua 5952; barra de Takeshi Shimada
Mutsuhito,Palermo,sushi omakase,,https://www.timeout.com/es/buenos-aires/sushi-omakase-en-buenos-aires,B,Honduras 5908; omakase de 17 pasos
Buri Omakase,Palermo Viejo,sushi omakase,,https://www.cronista.com/clase/gourmet/que-es-el-sushi-omakase-y-los-mejores-lugares-donde-comer-en-buenos-aires/,B,Fitz Roy 2072; barra para 14
Antro,Villa Crespo,sushi omakase,,https://www.timeout.com/es/buenos-aires/sushi-omakase-en-buenos-aires,B,Gurruchaga 1145; 15 pasos estilo cueva
Cruz Omakase,Belgrano,sushi omakase,,https://www.infogastronomica.com.ar/los-restaurantes-omakase-se-expanden-9-que-se-destacan-en-buenos-aires-y-alrededores/,B,Ambiente descontracturado
Gokana,Belgrano,sushi japonés,,https://www.infogastronomica.com.ar/los-restaurantes-omakase-se-expanden-9-que-se-destacan-en-buenos-aires-y-alrededores/,B,Ambiente descontracturado
Uni,Palermo,sushi y sakes,,https://www.timeout.com/es/buenos-aires/sushi-omakase-en-buenos-aires,B,Mencionado por Guía Michelin; local escondido
El Papagayo,Córdoba capital (Centro),cocina de autor,,https://www.cronista.com/clase/break/cordoba-foodie-del-restaurante-mas-angosto-del-pais-a-un-food-hall-con-gintoneria/,B,Restaurante más angosto del país (2.30 m)
Khaosan Thai Food,Córdoba capital (Güemes),tailandesa,,https://circuitogastronomico.com/los-mejores-lugares-para-conocer-barrio-guemes-en-cordoba/,B,Belgrano 867 local 9
La Cova del Drac,Córdoba capital (Güemes),bar y cocina,,https://circuitogastronomico.com/los-mejores-lugares-para-conocer-barrio-guemes-en-cordoba/,B,Belgrano 892; premiado desde 2012
Standard 69,Córdoba capital (Güemes),tapas de autor,,https://circuitogastronomico.com/los-mejores-lugares-para-conocer-barrio-guemes-en-cordoba/,B,Achával Rodríguez 244; Galería Barrio
Brunchería,Córdoba capital (Güemes),brunch y spritzería,,https://circuitogastronomico.com/los-mejores-lugares-para-conocer-barrio-guemes-en-cordoba/,B,Achával Rodríguez 244; Galería Barrio
Chinchibira,Rosario (Pichincha),coctelería y cocina de autor,,https://www.morfar.org/posts/bares-raros-y-desconocidos-de-rosario,B,Esquina destacada de Pichincha; quizás la mejor barra de Rosario
Tora Izakaya,Rosario (Pichincha),japonesa izakaya,,https://wanderlog.com/list/geoCategory/7740/best-bars-and-drinks-in-rosario,B,Cerveza artesanal y estética animé
Feuer,Rosario (Pichincha),cocina con opciones veggie,,https://wanderlog.com/list/geoCategory/7740/best-bars-and-drinks-in-rosario,B,Música en vivo y DJs
Fenicia Brewing Co.,Rosario (Pichincha),cervecería restaurante,,https://wanderlog.com/list/geoCategory/7740/best-bars-and-drinks-in-rosario,B,Primera craft brewery de Rosario (2010)
Ajoarriero,Rosario (Pichincha),mediterránea de autor,,https://disfrutarosario.com/los-mejores-restaurantes-en-rosario/,B,Pescados y mariscos
El Popular Pichincha,Rosario (Pichincha),bodegón,,https://www.tripadvisor.com/RestaurantsNear-g312809-d13867422-El_Popular_Pichincha-Rosario_Province_of_Santa_Fe_Litoral.html,B,Bodegón del barrio Pichincha
El Parrillón de Pichincha,Rosario (Pichincha),parrilla,,https://www.tripadvisor.com/RestaurantsNear-g312809-d8490010-El_Parrillon_de_Pichincha-Rosario_Province_of_Santa_Fe_Litoral.html,B,Parrilla del barrio Pichincha
